schoolId,學校,簡稱,城市,116-1秋季,115-2春季
0006,國立中興大學,NCHU,臺中市,historical,official
0039,國立臺中教育大學,NTCU,臺中市,historical,official
0043,國立勤益科技大學,NCUT,臺中市,historical,unknown
0049,國立臺灣體育運動大學,NTUS,臺中市,unknown,official
0050,國立臺中科技大學,NUTC,臺中市,historical,unknown
1001,東海大學,THU,臺中市,historical,official
1007,逢甲大學,FCU,臺中市,historical,official
1008,靜宜大學,PU,臺中市,historical,official
1018,朝陽科技大學,CYUT,臺中市,historical,official
1029,中山醫學大學,CSMU,臺中市,historical,unknown
1034,弘光科技大學,HKU,臺中市,official,official
1035,中國醫藥大學,CMU,臺中市,historical,official
1045,嶺東科技大學,LTU,臺中市,historical,unknown
1047,中臺科技大學,CTUST,臺中市,historical,unknown
1048,亞洲大學,ASIA,臺中市,historical,official
1062,僑光科技大學,OCU,臺中市,unknown,unknown
1069,修平科技大學,HUST,臺中市,historical,historical
0021,國立暨南國際大學,NCNU,南投縣,historical,historical
1060,南開科技大學,NKUT,南投縣,unknown,unknown
0018,國立嘉義大學,NCYU,嘉義市,historical,unknown
0013,國立中正大學,CCU,嘉義縣,historical,official
1020,南華大學,NHU,嘉義縣,historical,official
1065,吳鳳科技大學,WFU,嘉義縣,historical,unknown
1293,崇仁醫護管理專科學校,CJC,嘉義縣,unknown,unknown
0012,國立臺灣海洋大學,NTOU,基隆市,unknown,official
1082,崇右影藝科技大學,CUFA,基隆市,unknown,unknown
1185,德育護理健康學院,DYHU,基隆市,unknown,unknown
0031,國立宜蘭大學,NIU,宜蘭縣,historical,official
1050,佛光大學,FGU,宜蘭縣,historical,unknown
1291,聖母醫護管理專科學校,SMC,宜蘭縣,unknown,unknown
0024,國立屏東科技大學,NPUST,屏東縣,historical,historical
0052,國立屏東大學,NPTU,屏東縣,historical,official
1043,大仁科技大學,TAJEN,屏東縣,historical,official
1064,美和科技大學,MEIHO,屏東縣,historical,unknown
1285,慈惠醫護管理專科學校,TZUHUI,屏東縣,unknown,unknown
0015,國立彰化師範大學,NCUE,彰化縣,historical,official
1012,大葉大學,DYU,彰化縣,historical,historical
1040,建國科技大學,CTU,彰化縣,historical,official
0017,國立臺北大學,NTPU,新北市/臺北市,historical,official
0029,國立臺灣藝術大學,NTUA,新北市,historical,unknown
1002,輔仁大學,FJU,新北市,historical,official
1005,淡江大學,TKU,新北市,historical,official
1013,華梵大學,HFU,新北市,historical,official
1021,真理大學,AU,新北市,historical,unknown
1041,明志科技大學,MCUT,新北市,historical,official
1044,聖約翰科技大學,SJU,新北市,unknown,unknown
1054,景文科技大學,JUST,新北市,historical,unknown
1056,東南科技大學,TNU,新北市,unknown,unknown
1073,醒吾科技大學,HWU,新北市,historical,unknown
1076,華夏科技大學,HWH,新北市,unknown,unknown
1078,致理科技大學,CLUT,新北市,unknown,unknown
1080,宏國德霖科技大學,HDUT,新北市,unknown,unknown
1083,台北海洋科技大學,TUMT,新北市,unknown,unknown
1084,亞東科技大學,AEUST,新北市,unknown,unknown
1085,馬偕醫學大學,MMU,新北市,unknown,unknown
1183,黎明技術學院,LIT,新北市,unknown,unknown
1196,法鼓文理學院,DILA,新北市,historical,unknown
1286,耕莘健康管理專科學校,CTCN,新北市,unknown,unknown
0002,國立清華大學,NTHU,新竹市,historical,official
0007,國立陽明交通大學,NYCU,新竹市/臺北市,historical,official
1011,中華大學,CHU,新竹市,historical,unknown
1039,玄奘大學,HCU,新竹市,historical,unknown
1053,元培醫事科技大學,YPU,新竹市,unknown,unknown
1032,明新科技大學,MUST,新竹縣,historical,unknown
1072,敏實科技大學,MITUST,新竹縣,unknown,unknown
0008,國立中央大學,NCU,桃園市,historical,official
0044,國立體育大學,NTSU,桃園市,historical,official
1004,中原大學,CYCU,桃園市,official,unknown
1009,長庚大學,CGU,桃園市,official,official
1010,元智大學,YZU,桃園市,historical,official
1030,龍華科技大學,LHU,桃園市,unknown,unknown
1036,健行科技大學,UCH,桃園市,historical,official
1038,萬能科技大學,VNU,桃園市,historical,official
1049,開南大學,KNU,桃園市,historical,unknown
1070,長庚科技大學,CGUST,桃園市/嘉義縣,unknown,unknown
1168,南亞技術學院,NANYA,桃園市,unknown,unknown
1292,新生醫護管理專科學校,HSC,桃園市,unknown,unknown
0042,國立澎湖科技大學,NPU,澎湖縣,historical,unknown
0001,國立政治大學,NCCU,臺北市,official,official
0003,國立臺灣大學,NTU,臺北市,official,official
0004,國立臺灣師範大學,NTNU,臺北市,historical,official
0022,國立臺灣科技大學,NTUST,臺北市,historical,official
0025,國立臺北科技大學,NTUT,臺北市,official,official
0028,國立臺北藝術大學,TNUA,臺北市,historical,unknown
0037,國立臺北教育大學,NTUE,臺北市,official,unknown
0046,國立臺北護理健康大學,NTUNHS,臺北市,historical,unknown
0051,國立臺北商業大學,NTUB,臺北市,historical,unknown
0144,國立臺灣戲曲學院,TCPA,臺北市,unknown,unknown
1003,東吳大學,SCU,臺北市,unknown,official
1006,中國文化大學,PCCU,臺北市,historical,unknown
1015,世新大學,SHU,臺北市,unknown,unknown
1016,銘傳大學,MCU,臺北市/桃園市,historical,unknown
1017,實踐大學,USC,臺北市/高雄市,unknown,unknown
1022,大同大學,TTU,臺北市,historical,unknown
1028,臺北醫學大學,TMU,臺北市,historical,unknown
1046,中國科技大學,CUTE,臺北市/新竹縣,unknown,unknown
1057,德明財經科技大學,TAKMING,臺北市,historical,unknown
1061,中華科技大學,CUST,臺北市,historical,official
1071,臺北城市科技大學,TPCU,臺北市,unknown,unknown
1079,康寧大學,UKN,臺北市,unknown,unknown
1282,馬偕醫護管理專科學校,MKC,臺北市/新北市,unknown,unknown
3002,臺北市立大學,UT,臺北市,unknown,unknown
0005,國立成功大學,NCKU,臺南市,historical,official
0035,國立臺南藝術大學,TNNUA,臺南市,historical,unknown
0036,國立臺南大學,NUTN,臺南市,historical,official
0221,國立臺南護理專科學校,NTIN,臺南市,unknown,unknown
1023,南臺科技大學,STUST,臺南市,historical,official
1024,崑山科技大學,KSU,臺南市,historical,unknown
1025,嘉南藥理大學,CNU,臺南市,historical,official
1033,長榮大學,CJCU,臺南市,historical,unknown
1051,台南應用科技大學,TUT,臺南市,historical,unknown
1052,中信科技大學,CTUST-TN,臺南市,unknown,unknown
1055,中華醫事科技大學,HWAI,臺南市,unknown,unknown
1125,中信金融管理學院,CTBC,臺南市,unknown,unknown
1287,敏惠醫護管理專科學校,MHCHCM,臺南市,unknown,unknown
0030,國立臺東大學,NTTU,臺東縣,historical,official
0222,國立臺東專科學校,NTC,臺東縣,unknown,unknown
0020,國立東華大學,NDHU,花蓮縣,historical,official
1027,慈濟大學,TCU,花蓮縣,historical,official
0032,國立聯合大學,NUU,苗栗縣,historical,unknown
1063,育達科技大學,YDU,苗栗縣,unknown,unknown
1283,仁德醫護管理專科學校,JENTE,苗栗縣,unknown,unknown
0048,國立金門大學,NQU,金門縣,official,unknown
0023,國立雲林科技大學,YunTech,雲林縣,historical,official
0033,國立虎尾科技大學,NFU,雲林縣,historical,historical
0009,國立中山大學,NSYSU,高雄市,historical,official
0014,國立高雄師範大學,NKNU,高雄市,historical,official
0019,國立高雄大學,NUK,高雄市,official,official
0047,國立高雄餐旅大學,NKUHT,高雄市,official,unknown
0053,國立高雄科技大學,NKUST,高雄市,historical,official
1014,義守大學,ISU,高雄市,historical,official
1019,高雄醫學大學,KMU,高雄市,unknown,official
1026,樹德科技大學,STU,高雄市,unknown,unknown
1031,輔英科技大學,FYU,高雄市,historical,unknown
1037,正修科技大學,CSU,高雄市,historical,unknown
1042,台鋼科技大學,TSUST,高雄市,historical,official
1075,文藻外語大學,WZU,高雄市,historical,unknown
1284,樹人醫護管理專科學校,SZMC,高雄市,unknown,unknown
1289,育英醫護管理專科學校,YUHING,高雄市,unknown,unknown
